Model,Accuracy,Precision,Recall,F1-Score,ROC-AUC
Random Forest,0.914,0.904296875,0.926,0.9150197628458498,0.9646
XGBoost,0.904,0.8869731800766284,0.926,0.9060665362035225,0.961862
Decision Tree,0.878,0.8795180722891566,0.876,0.8777555110220441,0.9468319999999999
Logistic Regression,0.83,0.9125,0.73,0.8111111111111111,0.88888
